sno,name,gender
1,Aakash Sharma,male
2,Aarav Gupta,male
3,Abhinav Verma,male
4,Aditya Singh,male
5,Ajay Kumar,male
6,Akash Reddy,male
7,Aman Joshi,male
8,Amit Patel,male
9,Anand Rao,male
10,Anil Mehta,male
11,Ankit Chauhan,male
12,Anuj Bhatia,male
13,Arjun Desai,male
14,Ashish Nair,male
15,Ashok Tiwari,male
16,Atul Jain,male
17,Ayush Khanna,male
18,Bharat Aggarwal,male
19,Bhavesh Kulkarni,male
20,Chandan Dutta,male
21,Chetan Sinha,male
22,Deepak Malik,male
23,Devendra Kapoor,male
24,Dhruv Saxena,male
25,Gaurav Mahajan,male
26,Gopal Sen,male
27,Govind Raj,male
28,Harish Gupta,male
29,Harsh Yadav,male
30,Hemant Suri,male
31,Imran Khan,male
32,Ishaan Chawla,male
33,Jatin Bansal,male
34,Jayant Mishra,male
35,Jeetendra Thakur,male
36,Karan Bhardwaj,male
37,Karthik Reddy,male
38,Keshav Rao,male
39,Krishna Iyer,male
40,Kunal Goel,male
41,Lakshman Gupta,male
42,Lokesh Bhat,male
43,Madhav Sen,male
44,Manish Kaushik,male
45,Manoj Malhotra,male
46,Mayank Chauhan,male
47,Mihir Sharma,male
48,Mukesh Patel,male
49,Naman Arora,male
50,Nikhil Joshi,male
51,Nishant Singh,male
52,Omkar Dubey,male
53,Pankaj Aggarwal,male
54,Parth Mehta,male
55,Pradeep Joshi,male
56,Pranav Reddy,male
57,Prashant Kapoor,male
58,Rahul Choudhary,male
59,Rajesh Patel,male
60,Rakesh Verma,male
61,Ramakrishna Rao,male
62,Ramesh Kumar,male
63,Ravi Sharma,male
64,Rohit Singh,male
65,Rohan Gupta,male
66,Sandeep Malhotra,male
67,Sanjay Nair,male
68,Santosh Kumar,male
69,Saurabh Bhatia,male
70,Shankar Iyer,male
71,Shashank Sharma,male
72,Shubham Mehta,male
73,Siddharth Desai,male
74,Somesh Patel,male
75,Sudhir Tiwari,male
76,Sunil Agarwal,male
77,Suraj Reddy,male
78,Suresh Gupta,male
79,Swapnil Singh,male
80,Tarun Chawla,male
81,Uday Raj,male
82,Ujjwal Kapoor,male
83,Vasant Rao,male
84,Vikas Khanna,male
85,Vikram Suri,male
86,Vinay Joshi,male
87,Vishal Sharma,male
88,Yash Chauhan,male
89,Yuvraj Thakur,male
90,Zahid Khan,male
91,Zeeshan Malik,male
92,Rajat Mishra,male
93,Nitin Khatri,male
94,Praveen Mittal,male
95,Alok Bhardwaj,male
96,Dharmesh Goyal,male
97,Naresh Sharma,male
98,Pratap Shetty,male
99,Vijay Deshmukh,male
100,Dev Singh,male
101,Aanya Kapoor,female
102,Aarushi Gupta,female
103,Aditi Sharma,female
104,Aishwarya Reddy,female
105,Akshara Mehta,female
106,Alisha Verma,female
107,Amrita Singh,female
108,Ananya Joshi,female
109,Anika Patel,female
10,Anjali Rao,female
111,Ankita Iyer,female
112,Anushka Bhatia,female
113,Aparna Suri,female
114,Arpita Desai,female
115,Asmita Jain,female
116,Bhavana Kulkarni,female
117,Chitra Sen,female
118,Damini Malhotra,female
119,Deepti Nair,female
120,Deepika Khanna,female
121,Dhriti Aggarwal,female
122,Divya Chauhan,female
123,Esha Bansal,female
124,Garima Dubey,female
125,Gauri Singh,female
126,Geetanjali Kapoor,female
127,Harini Mahajan,female
128,Harsha Malik,female
129,Hema Sinha,female
130,Ishita Arora,female
131,Isha Chawla,female
132,Jaya Thakur,female
133,Jyoti Reddy,female
134,Kajal Sharma,female
135,Kamini Gupta,female
136,Kavita Rao,female
137,Kiran Patel,female
138,Kriti Verma,female
139,Lavanya Bhat,female
140,Leela Tiwari,female
141,Mahi Kapoor,female
142,Mahima Suri,female
143,Mala Mehta,female
144,Mamta Nair,female
145,Manisha Joshi,female
146,Meera Desai,female
147,Neha Bhatia,female
148,Nikita Malhotra,female
149,Nisha Jain,female
150,Pallavi Kulkarni,female
151,Parul Sen,female
152,Payal Aggarwal,female
153,Pooja Singh,female
154,Pragya Joshi,female
155,Prachi Mehta,female
156,Preeti Rao,female
157,Priya Sharma,female
158,Priyanka Verma,female
159,Purnima Patel,female
160,Radha Iyer,female
161,Radhika Chauhan,female
162,Rakhi Kapoor,female
163,Ranjana Gupta,female
164,Reena Malik,female
165,Rekha Suri,female
166,Renuka Nair,female
167,Richa Desai,female
168,Ritu Bhatia,female
169,Roshni Thakur,female
170,Sahana Joshi,female
171,Sakshi Reddy,female
172,Saloni Malhotra,female
173,Sandhya Rao,female
174,Sanjana Verma,female
175,Sarika Patel,female
176,Seema Kapoor,female
177,Shalini Singh,female
178,Shilpa Gupta,female
179,Shreya Bhat,female
180,Shruti Mehta,female
181,Simran Aggarwal,female
182,Smita Desai,female
183,Sneha Tiwari,female
184,Sonia Malik,female
185,Soumya Suri,female
186,Sunita Nair,female
187,Supriya Mahajan,female
188,Swati Kulkarni,female
189,Tanvi Sen,female
190,Tara Chauhan,female
191,Tripti Kapoor,female
192,Trisha Sharma,female
193,Urvashi Gupta,female
194,Vaishnavi Rao,female
195,Vandana Patel,female
196,Varsha Bhatia,female
197,Vibha Desai,female
198,Vidya Malhotra,female
199,Vinita Reddy,female
200,Yashika Singh,female